SSW-000,00_导览总纲·入口指引,00_开篇语.md,体系宣言与架构总览,全体系入口
SSW-001,01_Skill级别·知识飞轮传承操作系统,01_实际Skill/SKILL.md,核心入口文件（双三角整合版）,Skill触发点
SSW-002,01_Skill级别·知识飞轮传承操作系统,01_实际Skill/SKILL-v2.0.md,完整升维手册（9687字）,理论骨架
SSW-003,01_Skill级别·知识飞轮传承操作系统,01_实际Skill/references/flywheel-theory.md,飞轮理论框架,理论支撑
SSW-004,01_Skill级别·知识飞轮传承操作系统,01_实际Skill/references/scale-assessment-ct.md,四级知识资产CT扫描问卷,评估工具
SSW-005,01_Skill级别·知识飞轮传承操作系统,01_实际Skill/references/handover-guide.md,教授版托付手册（开模式）,使用指引
SSW-006,01_Skill级别·知识飞轮传承操作系统,01_实际Skill/references/onboarding-guide.md,小白版接手手册（关模式）,使用指引
SSW-007,01_Skill级别·知识飞轮传承操作系统,01_实际Skill/references/blood-tests.md,KICL血液化检验标准L0-L4,质量检验
SSW-008,01_Skill级别·知识飞轮传承操作系统,01_实际Skill/references/dual-sync-meeting-template.md,双周同步会模板,协同工具
SSW-009,01_Skill级别·知识飞轮传承操作系统,01_实际Skill/scripts/stage-checker.py,阶段自检脚本（交互式）,自动化工具
SSW-010,01_Skill级别·知识飞轮传承操作系统,01_实际Skill/scripts/knowledge-map.py,知识地图生成器,自动化工具
SSW-011,01_Skill级别·知识飞轮传承操作系统,01_实际Skill/assets/templates/daily-reading-journal.md,阅读日记模板,模板资产
SSW-012,01_Skill级别·知识飞轮传承操作系统,01_实际Skill/assets/templates/correction-log.md,修正日志模板,模板资产
SSW-013,01_Skill级别·知识飞轮传承操作系统,01_实际Skill/assets/templates/kiclc-checklist.md,KICL速查卡模板,模板资产
SSW-014,01_Skill级别·知识飞轮传承操作系统,01_实际Skill/dist/knowledge-flywheel-guide.skill,打包产物（可直接安装）,交付物
SSW-015,01_Skill级别·知识飞轮传承操作系统,01_实际Skill/archive/V1.0-2026-04-25/README.md,V1.0历史版本归档说明,版本管理
SSW-016,01_Skill级别·知识飞轮传承操作系统,02_使用说明与实操指引/设计理念与理论体系.md,为什么这样设计（理论支撑）,使用说明
SSW-017,01_Skill级别·知识飞轮传承操作系统,02_使用说明与实操指引/快速上手指南.md,15分钟安装配置运行,使用说明
SSW-018,01_Skill级别·知识飞轮传承操作系统,02_使用说明与实操指引/双三角模型详解.md,人类三角×AI三角深度解析,使用说明
SSW-019,01_Skill级别·知识飞轮传承操作系统,02_使用说明与实操指引/四级方案操作手册.md,L1-L4逐层操作清单,使用说明
SSW-020,01_Skill级别·知识飞轮传承操作系统,02_使用说明与实操指引/双循环协同工作流.md,人类-AI每双周操作手册,使用说明
SSW-021,01_Skill级别·知识飞轮传承操作系统,03_全开源文档/开源声明.md,MIT协议与来源标注,开源文档
SSW-022,01_Skill级别·知识飞轮传承操作系统,03_全开源文档/贡献指南.md,5种贡献类型+审核标准,开源文档
SSW-023,01_Skill级别·知识飞轮传承操作系统,03_全开源文档/版本历史.md,V0.1→V1.0→V2.0迭代记录,开源文档
SSW-024,01_Skill级别·知识飞轮传承操作系统,03_全开源文档/全系列产品体系.md,Skill/课程/传播三层关系,开源文档
SSW-025,02_课程级别·知识飞轮实战训练营,00_导览与索引.md,12模块速查+学习路径A/B/C,导览
SSW-026,02_课程级别·知识飞轮实战训练营,课程总纲.md,课程定位/目标/特色/大纲,课程总纲
SSW-027,02_课程级别·知识飞轮实战训练营,01-12模块/模块01-为什么你的知识总是传不下去.md,模块01口播稿（30min）,口播稿
SSW-028,02_课程级别·知识飞轮实战训练营,01-12模块/模块02-双三角模型.md,模块02口播稿（30min）,口播稿
SSW-029,02_课程级别·知识飞轮实战训练营,01-12模块/模块03-知识资产CT扫描.md,模块03口播稿（30min）,口播稿
SSW-030,02_课程级别·知识飞轮实战训练营,01-12模块/模块04-四级方案选择.md,模块04口播稿（30min）,口播稿
SSW-031,02_课程级别·知识飞轮实战训练营,01-12模块/模块05-六阶段渐进.md,模块05口播稿（30min）,口播稿
SSW-032,02_课程级别·知识飞轮实战训练营,01-12模块/模块06-双轨并行.md,模块06口播稿（30min）,口播稿
SSW-033,02_课程级别·知识飞轮实战训练营,01-12模块/模块07-梯队传承.md,模块07口播稿（30min）,口播稿
SSW-034,02_课程级别·知识飞轮实战训练营,01-12模块/模块08-范式迁移.md,模块08口播稿（30min）,口播稿
SSW-035,02_课程级别·知识飞轮实战训练营,01-12模块/模块09-双循环实战.md,模块09口播稿（30min）,口播稿
SSW-036,02_课程级别·知识飞轮实战训练营,01-12模块/模块10-血液化检验.md,模块10口播稿（30min）,口播稿
SSW-037,02_课程级别·知识飞轮实战训练营,01-12模块/模块11-飞轮健康监控.md,模块11口播稿（30min）,口播稿
SSW-038,02_课程级别·知识飞轮实战训练营,01-12模块/模块12-从传承到创新.md,模块12口播稿（30min）,口播稿
SSW-039,02_课程级别·知识飞轮实战训练营,工具包/工具包总览.md,12工具速查与使用场景,工具索引
SSW-040,02_课程级别·知识飞轮实战训练营,工具包/T01-CT扫描问卷.md,评估知识资产级别,工具
SSW-041,02_课程级别·知识飞轮实战训练营,工具包/T02-四级方案选择卡.md,快速匹配方案,工具
SSW-042,02_课程级别·知识飞轮实战训练营,工具包/T03-六阶段进度追踪表.md,跟踪45天过程,工具
SSW-043,02_课程级别·知识飞轮实战训练营,工具包/T08-血液化检验标准.md,质量验收,工具
SSW-044,02_课程级别·知识飞轮实战训练营,工具包/T09-飞轮健康监控仪表盘.md,持续监控,工具
SSW-045,02_课程级别·知识飞轮实战训练营,工具包/T11-双三角自检表.md,每月自检,工具
SSW-046,02_课程级别·知识飞轮实战训练营,工具包/T12-课程结业项目.md,设计自己的方案,工具
SSW-047,03_传播级别·知识飞轮传播弹药库,00_导览与索引.md,平台矩阵+发布建议,导览
SSW-048,03_传播级别·知识飞轮传播弹药库,小红书版/小红书版.md,5篇图文笔记,传播材料
SSW-049,03_传播级别·知识飞轮传播弹药库,公众号版/公众号版.md,1篇深度长文,传播材料
SSW-050,03_传播级别·知识飞轮传播弹药库,知乎版/知乎版.md,3个问答式回答,传播材料
SSW-051,03_传播级别·知识飞轮传播弹药库,播客版/播客版.md,开场白+10条金句,传播材料
SSW-052,03_传播级别·知识飞轮传播弹药库,视频脚本版/视频脚本版.md,3个短视频脚本,传播材料
SSW-053,04_体系导览与索引,全体系索引.md,中央导航站（快速定位任何文件）,体系索引
SSW-054,05_技能系列·能力延伸,00_导览与索引.md,技能系列导览+P0/P1/P2分级,导览
SSW-055,05_技能系列·能力延伸/01_五维决策体系,01_实际Skill/SKILL.md,五维决策核心入口,Skill
SSW-056,05_技能系列·能力延伸/01_五维决策体系,01_实际Skill/references/decision-framework.md,五维决策详细手册,参考资料
SSW-057,05_技能系列·能力延伸/01_五维决策体系,01_实际Skill/references/case-matching.md,12类型冲突匹配指南,参考资料
SSW-058,05_技能系列·能力延伸/01_五维决策体系,01_实际Skill/references/self-check.md,五维自检表,参考资料
SSW-059,05_技能系列·能力延伸/01_五维决策体系,01_实际Skill/scripts/decision-assistant.py,交互式决策脚本,脚本工具
SSW-060,05_技能系列·能力延伸/01_五维决策体系,01_实际Skill/assets/templates/decision-journal.md,决策日记模板,模板资产
SSW-061,05_技能系列·能力延伸/01_五维决策体系,01_实际Skill/dist/five-dimensional-decision.skill,打包产物,交付物
SSW-062,05_技能系列·能力延伸/02_蓝军批判性验证,01_实际Skill/SKILL.md,蓝军验证核心入口,Skill
SSW-063,05_技能系列·能力延伸/02_蓝军批判性验证,01_实际Skill/references/audit-manual.md,详细审计流程,参考资料
SSW-064,05_技能系列·能力延伸/02_蓝军批判性验证,01_实际Skill/references/cognitive-audit.md,10项认知审计检查表,参考资料
SSW-065,05_技能系列·能力延伸/02_蓝军批判性验证,01_实际Skill/scripts/audit-checker.py,交互式审计脚本,脚本工具
SSW-066,05_技能系列·能力延伸/02_蓝军批判性验证,01_实际Skill/assets/templates/audit-report.md,审计报告模板,模板资产
SSW-067,05_技能系列·能力延伸/02_蓝军批判性验证,01_实际Skill/dist/blue-team-verification.skill,打包产物,交付物
SSW-068,05_技能系列·能力延伸/03_满意解执行系统,01_实际Skill/SKILL.md,执行系统核心入口,Skill
SSW-069,05_技能系列·能力延伸/03_满意解执行系统,01_实际Skill/references/execution-manual.md,详细执行流程,参考资料
SSW-070,05_技能系列·能力延伸/03_满意解执行系统,01_实际Skill/references/heartbeat-protocol.md,心跳检查协议,参考资料
SSW-071,05_技能系列·能力延伸/03_满意解执行系统,01_实际Skill/scripts/progress-tracker.py,进度追踪脚本,脚本工具
SSW-072,05_技能系列·能力延伸/03_满意解执行系统,01_实际Skill/assets/templates/project-template.md,项目启动模板,模板资产
SSW-073,05_技能系列·能力延伸/03_满意解执行系统,01_实际Skill/dist/satisfaction-execution.skill,打包产物,交付物
SSW-074,99_附录·底层根基,设计理念溯源.md,从54天到70年的演化脉络,附录
SSW-075,99_附录·底层根基,满意姐54天实践纪.md,5次失败的具体过程与教训,附录
SSW-076,99_附录·底层根基,梁主席70年积累启示.md,静水流深+深研静流+五组件,附录
SSW-077,99_附录·底层根基,五维决策体系融合.md,土金水木火×双三角融合,附录
SSW-078,技能发掘全景报告,技能发掘全景报告.md,12个技能盘点+P0/P1/P2分级,全景报告